computer_science,Computer science,,,
computer_science,Boolean,,,
computer_science,Computer engineering,,,
computer_science,Software,,,
computer_science,Computer scientist,,,
computer_science,Algorithmic art,,,
computer_science,Artificial intelligence,,,
computer_science,Astroinformatics,,,
computer_science,Author profiling,,,
computer_science,Biodiversity informatics,,,
computer_science,Biological computation,,,
computer_science,Cellular automaton,,,
computer_science,Chaos theory,,,
computer_science,Data analysis,,,
computer_science,Data science,,,
computer_science,Disease informatics,,,
computer_science,Data structures,,,
computer_science,algorithm,,,
computer_science,Programmer,,,
computer_science,coding,,,
computer_science,Software engineer,,,
computer_science,Software architect,,,
computer_science,Software developer,,,
computer_science,Software tester,,,
computer_science,Interaction designer,,,
computer_science,Network administrator,,,
computer_science,Data structure,,,
computer_science,Data type,,,
computer_science,Associative array,,,
computer_science,Array,,,
computer_science,List,,,
computer_science,Tree,,,
computer_science,String,,,
computer_science,Database,,,
computer_science,Imperative programming,,,
computer_science,Functional programming,,,
computer_science,Logic programming,,,
computer_science,Object oriented programming,,,
computer_science,Class,,,
computer_science,Inheritance,,,
computer_science,Object,,,
computer_science,hash table,,,
computer_science,Abstraction,,,
computer_science,Big O notation,,,
computer_science,Closure,,,
computer_science,Compiler,,,
computer_science,Cognitive science,,,
,,,,
,,,,
,,,,
,,,,
,,,,
,,,,
,,,,
,,,,
,,,,
,,,,
,,,,
,,,,
,,,,
,,,,
,,,,
,,,,
,,,,
,,,,
,,,,
,,,,
,,,,
,,,,
,,,,
,,,,
,,,,
,,,,
,,,,
,,,,
,,,,
,,,,
,,,,
,,,,
,,,,
,,,,
,,,,
,,,,
,,,,
,,,,
,,,,
,,,,
,,,,
,,,,
,,,,
,,,,
,,,,
,,,,
,,,,
,,,,
,,,,
,,,,
,,,,
,,,,
,,,,
,,,,
,,,,
,,,,
,,,,
,,,,
,,,,
,,,,
,,,,
,,,,
,,,,
,,,,
,,,,
,,,,
,,,,
,,,,
,,,,
,,,,
,,,,
,,,,
,,,,
,,,,
,,,,
,,,,
,,,,
,,,,
,,,,
,,,,
,,,,
,,,,
,,,,
,,,,
,,,,
,,,,
,,,,
,,,,
,,,,
,,,,
,,,,
,,,,
,,,,
,,,,
,,,,
,,,,
,,,,
,,,,
,,,,
,,,,
,,,,
,,,,
,,,,
,,,,
,,,,
,,,,
,,,,
,,,,
,,,,
,,,,
,,,,
,,,,
,,,,
,,,,
,,,,
,,,,
,,,,
,,,,
,,,,
,,,,
,,,,
,,,,
,,,,
,,,,
,,,,
,,,,
,,,,
,,,,
,,,,
,,,,
,,,,
,,,,
,,,,
,,,,
,,,,
,,,,
,,,,
,,,,
,,,,
,,,,
,,,,
,,,,
,,,,
,,,,
,,,,
,,,,
,,,,
,,,,
,,,,
,,,,
,,,,
,,,,
,,,,
,,,,
,,,,
,,,,
,,,,
,,,,
,,,,
,,,,
,,,,
,,,,
,,,,
,,,,
,,,,
,,,,
,,,,
,,,,
,,,,
,,,,
,,,,
,,,,
,,,,
,,,,
,,,,
,,,,
,,,,
,,,,
,,,,
,,,,
,,,,
,,,,
,,,,
,,,,
,,,,
,,,,
,,,,
,,,,
,,,,
,,,,
,,,,
,,,,
,,,,
,,,,
,,,,
,,,,
,,,,
,,,,
,,,,
,,,,
,,,,
,,,,
,,,,
,,,,
,,,,
,,,,
,,,,
,,,,
,,,,
,,,,
,,,,
,,,,
,,,,
,,,,
,,,,
,,,,
,,,,
,,,,
,,,,
,,,,
,,,,
,,,,
,,,,
,,,,
,,,,
,,,,
,,,,
,,,,
,,,,
,,,,
,,,,
,,,,
,,,,
,,,,
,,,,
,,,,
,,,,
,,,,
,,,,
,,,,
,,,,
,,,,
,,,,
,,,,
computer science,Data structures,,,
computer science,algorithm,,,
computer science,Programmer,,,
computer science,coding,,,
computer science,Software engineer,,,
computer science,Software architect,,,
computer science,Software developer,,,
computer science,Software tester,,,
computer science,Interaction designer,,,
computer science,Network administrator,,,
computer science,Data structure,,,
computer science,Data type,,,
computer science,Associative array,,,
computer science,Array,,,
computer science,List,,,
computer science,Tree,,,
computer science,String,,,
,,,,
computer science,Database,,,
computer science,Imperative programming,,,
computer science,Functional programming,,,
computer science,Logic programming,,,
computer science,Object oriented programming,,,
computer science,Class,,,
computer science,Inheritance,,,
computer science,Object,,,
computer science,hash table,,,
computer science,Abstraction,,,
computer science,Big O notation,,,
computer science,Closure,,,
computer science,Compiler,,,
computer science,Cognitive science,,,
,,,,
,,,,
,,,,
,,,,
,,,,
,,,,
,,,,
,,,,
,,,,
,,,,
,,,,
,,,,
,,,,
,,,,
,,,,
,,,,
,,,,
,,,,
,,,,
,,,,
,,,,
,,,,
,,,,
,,,,
,,,,
,,,,
,,,,
,,,,
,,,,
,,,,
,,,,
,,,,
,,,,
,,,,
computer science,Data type,,,
computer science,Associative array,,,
computer science,Array,,,
computer science,List,,,
computer science,Tree,,,
computer science,String,,,
,,,,
computer science,Database,,,
computer science,Imperative programming,,,
computer science,Functional programming,,,
computer science,Logic programming,,,
computer science,Object oriented programming,,,
computer science,Class,,,
computer science,Inheritance,,,
computer science,Object,,,
computer science,hash table,,,
computer science,Abstraction,,,
computer science,Big O notation,,,
computer science,Closure,,,
computer science,Compiler,,,
computer science,Cognitive science,,,
,,,,
,,,,
,,,,
,,,,
,,,,
,,,,
,,,,
,,,,
,,,,
,,,,
,,,,
,,,,
,,,,
,,,,
,,,,
,,,,
,,,,
,,,,
,,,,
,,,,
,,,,
,,,,
,,,,
,,,,
,,,,
,,,,
,,,,
,,,,
,,,,
,,,,
,,,,
,,,,
,,,,
,,,,
,,,,
,,,,
,,,,
,,,,
,,,,
,,,,
,,,,
,,,,
,,,,
,,,,
,,,,
,,,,
,,,,
,,,,
,,,,
,,,,
,,,,s